"Package","Name","Width","Height","SizeKB","Path"
"02","toeic_pkg02_p1_02_001.jpg","1280","720","271.7","D:\toeic_generated_media\package_02\photos\_mmx_tmp\toeic_pkg02_p1_02_001.jpg"
"02","toeic_pkg02_p1_03_001.jpg","1280","720","247.8","D:\toeic_generated_media\package_02\photos\_mmx_tmp\toeic_pkg02_p1_03_001.jpg"
"02","toeic_pkg02_p1_04_001.jpg","1280","720","259.6","D:\toeic_generated_media\package_02\photos\_mmx_tmp\toeic_pkg02_p1_04_001.jpg"
"02","toeic_pkg02_p1_01.png","1280","720","1249","D:\toeic_generated_media\package_02\photos\toeic_pkg02_p1_01.png"
"02","toeic_pkg02_p1_01_001.jpg","1280","720","212.9","D:\toeic_generated_media\package_02\photos\toeic_pkg02_p1_01_001.jpg"
"02","toeic_pkg02_p1_02.png","1280","720","1828.3","D:\toeic_generated_media\package_02\photos\toeic_pkg02_p1_02.png"
"02","toeic_pkg02_p1_03.png","1280","720","1610.2","D:\toeic_generated_media\package_02\photos\toeic_pkg02_p1_03.png"
"02","toeic_pkg02_p1_04.png","1280","720","1678.9","D:\toeic_generated_media\package_02\photos\toeic_pkg02_p1_04.png"
"02","toeic_pkg02_p1_05.png","1280","720","1457.4","D:\toeic_generated_media\package_02\photos\toeic_pkg02_p1_05.png"
"02","toeic_pkg02_p1_06.png","1280","720","1233","D:\toeic_generated_media\package_02\photos\toeic_pkg02_p1_06.png"
"03","toeic_pkg03_p1_01.png","1280","720","1276.5","D:\toeic_generated_media\package_03\photos\toeic_pkg03_p1_01.png"
"03","toeic_pkg03_p1_02.png","1280","720","1555.1","D:\toeic_generated_media\package_03\photos\toeic_pkg03_p1_02.png"
"03","toeic_pkg03_p1_03.png","1280","720","1566.7","D:\toeic_generated_media\package_03\photos\toeic_pkg03_p1_03.png"
"03","toeic_pkg03_p1_04.png","1280","720","1666.6","D:\toeic_generated_media\package_03\photos\toeic_pkg03_p1_04.png"
"03","toeic_pkg03_p1_05.png","1280","720","1742.1","D:\toeic_generated_media\package_03\photos\toeic_pkg03_p1_05.png"
"03","toeic_pkg03_p1_06.png","1280","720","1214","D:\toeic_generated_media\package_03\photos\toeic_pkg03_p1_06.png"
"04","toeic_pkg04_p1_01.png","1280","720","1632.6","D:\toeic_generated_media\package_04\photos\toeic_pkg04_p1_01.png"
"04","toeic_pkg04_p1_02.png","1280","720","1702","D:\toeic_generated_media\package_04\photos\toeic_pkg04_p1_02.png"
"04","toeic_pkg04_p1_03.png","1280","720","1517.2","D:\toeic_generated_media\package_04\photos\toeic_pkg04_p1_03.png"
"04","toeic_pkg04_p1_04.png","1280","720","1657.7","D:\toeic_generated_media\package_04\photos\toeic_pkg04_p1_04.png"
"04","toeic_pkg04_p1_05.png","1280","720","1285.3","D:\toeic_generated_media\package_04\photos\toeic_pkg04_p1_05.png"
"04","toeic_pkg04_p1_06.png","1280","720","1275.7","D:\toeic_generated_media\package_04\photos\toeic_pkg04_p1_06.png"
"05","toeic_pkg05_p1_01.png","1280","720","1289.3","D:\toeic_generated_media\package_05\photos\toeic_pkg05_p1_01.png"
"05","toeic_pkg05_p1_02.png","1280","720","1723.6","D:\toeic_generated_media\package_05\photos\toeic_pkg05_p1_02.png"
"05","toeic_pkg05_p1_03.png","1280","720","1479.8","D:\toeic_generated_media\package_05\photos\toeic_pkg05_p1_03.png"
"05","toeic_pkg05_p1_04.png","1280","720","1644.6","D:\toeic_generated_media\package_05\photos\toeic_pkg05_p1_04.png"
"05","toeic_pkg05_p1_05.png","1280","720","1531.8","D:\toeic_generated_media\package_05\photos\toeic_pkg05_p1_05.png"
"05","toeic_pkg05_p1_06.png","1280","720","1262.8","D:\toeic_generated_media\package_05\photos\toeic_pkg05_p1_06.png"
"06","toeic_pkg06_p1_01.png","1280","720","1579.4","D:\toeic_generated_media\package_06\photos\toeic_pkg06_p1_01.png"
"06","toeic_pkg06_p1_02.png","1280","720","1798.5","D:\toeic_generated_media\package_06\photos\toeic_pkg06_p1_02.png"
"06","toeic_pkg06_p1_03.png","1280","720","1203.5","D:\toeic_generated_media\package_06\photos\toeic_pkg06_p1_03.png"
"06","toeic_pkg06_p1_04.png","1280","720","1634","D:\toeic_generated_media\package_06\photos\toeic_pkg06_p1_04.png"
"06","toeic_pkg06_p1_05.png","1280","720","1610.8","D:\toeic_generated_media\package_06\photos\toeic_pkg06_p1_05.png"
"06","toeic_pkg06_p1_06.png","1280","720","1205","D:\toeic_generated_media\package_06\photos\toeic_pkg06_p1_06.png"
"07","toeic_pkg07_p1_01.png","1280","720","1495","D:\toeic_generated_media\package_07\photos\toeic_pkg07_p1_01.png"
"07","toeic_pkg07_p1_02.png","1280","720","1446.5","D:\toeic_generated_media\package_07\photos\toeic_pkg07_p1_02.png"
"07","toeic_pkg07_p1_03.png","1280","720","1614","D:\toeic_generated_media\package_07\photos\toeic_pkg07_p1_03.png"
"07","toeic_pkg07_p1_04.png","1280","720","1695.7","D:\toeic_generated_media\package_07\photos\toeic_pkg07_p1_04.png"
"07","toeic_pkg07_p1_05.png","1280","720","1477.2","D:\toeic_generated_media\package_07\photos\toeic_pkg07_p1_05.png"
"07","toeic_pkg07_p1_06.png","1280","720","1108.3","D:\toeic_generated_media\package_07\photos\toeic_pkg07_p1_06.png"
"08","toeic_pkg08_p1_01.png","1280","720","1284.2","D:\toeic_generated_media\package_08\photos\toeic_pkg08_p1_01.png"
"08","toeic_pkg08_p1_02.png","1280","720","1606.1","D:\toeic_generated_media\package_08\photos\toeic_pkg08_p1_02.png"
"08","toeic_pkg08_p1_03.png","1280","720","1765.3","D:\toeic_generated_media\package_08\photos\toeic_pkg08_p1_03.png"
"08","toeic_pkg08_p1_04.png","1280","720","1757.7","D:\toeic_generated_media\package_08\photos\toeic_pkg08_p1_04.png"
"08","toeic_pkg08_p1_05.png","1280","720","1483.9","D:\toeic_generated_media\package_08\photos\toeic_pkg08_p1_05.png"
"08","toeic_pkg08_p1_06.png","1280","720","1239.5","D:\toeic_generated_media\package_08\photos\toeic_pkg08_p1_06.png"
"09","toeic_pkg09_p1_01.png","1280","720","1225.4","D:\toeic_generated_media\package_09\photos\toeic_pkg09_p1_01.png"
"09","toeic_pkg09_p1_02.png","1280","720","1776.1","D:\toeic_generated_media\package_09\photos\toeic_pkg09_p1_02.png"
"09","toeic_pkg09_p1_03.png","1280","720","1635.3","D:\toeic_generated_media\package_09\photos\toeic_pkg09_p1_03.png"
"09","toeic_pkg09_p1_04.png","1280","720","1657.9","D:\toeic_generated_media\package_09\photos\toeic_pkg09_p1_04.png"
"09","toeic_pkg09_p1_05.png","1280","720","1744.2","D:\toeic_generated_media\package_09\photos\toeic_pkg09_p1_05.png"
"09","toeic_pkg09_p1_06.png","1280","720","1225.7","D:\toeic_generated_media\package_09\photos\toeic_pkg09_p1_06.png"
"10","toeic_pkg10_p1_01.png","1280","720","1251.8","D:\toeic_generated_media\package_10\photos\toeic_pkg10_p1_01.png"
"10","toeic_pkg10_p1_02.png","1280","720","1725.3","D:\toeic_generated_media\package_10\photos\toeic_pkg10_p1_02.png"
"10","toeic_pkg10_p1_03.png","1280","720","1340.6","D:\toeic_generated_media\package_10\photos\toeic_pkg10_p1_03.png"
"10","toeic_pkg10_p1_04.png","1280","720","1635.2","D:\toeic_generated_media\package_10\photos\toeic_pkg10_p1_04.png"
"10","toeic_pkg10_p1_05.png","1280","720","1500.1","D:\toeic_generated_media\package_10\photos\toeic_pkg10_p1_05.png"
"10","toeic_pkg10_p1_06.png","1280","720","1301.9","D:\toeic_generated_media\package_10\photos\toeic_pkg10_p1_06.png"
